# SQL ê¸°ì´ˆ ğŸ• 



## SQL ëª…ë ¹ì–´

* ë°ì´í„°ë² ì´ìŠ¤: Table ì—¬ëŸ¬ ê°œë¡œ êµ¬ì„±ë¨
* Table: pandasì—ì„œ dataframeê³¼ ë™ì¼í•¨

* ëª…ë ¹ ë§ˆì¹  ë•Œ ;ë¥¼ ë¶™ì—¬ì•¼ í•¨

---



- CREATE DATABASE ë°ì´í„°ë² ì´ìŠ¤ì´ë¦„; : ë°ì´í„°ë² ì´ìŠ¤ë¥¼ ìƒì„±í•˜ë¼
- DROP DATABASE StudentAdministration; # ë°ì´í„°ë² ì´ìŠ¤ ì§€ìš°ê¸°

- SHOW DATABASES; : ë°ì´í„°ë² ì´ìŠ¤ë¥¼ ë³´ì—¬ì£¼ì–´ë¼

```sql
CREATE DATABASE StudentAdministration; # í•™ìƒê´€ë¦¬ì‹œìŠ¤í…œ ë§Œë“¤ê¸°
DROP DATABASE StudentAdministration; # í•™ìƒê´€ë¦¬ì‹œìŠ¤í…œ ì§€ìš°ê¸°
SHOW DATABASES; # ë°ì´í„°ë² ì´ìŠ¤ë¥¼ ë³´ì—¬ì£¼ì–´ë¼
+-----------------------+
| Database              |
+-----------------------+
| StudentAdministration | # ë§Œë“  ë°ì´í„°í”„ë ˆì„
| information_schema    |
| mysql                 |
| performance_schema    |
| sys                   |
+-----------------------+
5 rows in set (0.01 sec)
```



- USE StudentAdministraion; # í•´ë‹¹ ë°ì´í„°ë² ì´ìŠ¤ ì•ˆìœ¼ë¡œ ë“¤ì–´ê°
- SHOW tables; # í…Œì´ë¸” ë³´ê¸°

```sql
USE StudentAdministraion; # í•´ë‹¹ ë°ì´í„°ë² ì´ìŠ¤ ì•ˆìœ¼ë¡œ ë“¤ì–´ê°
SHOW tables; # í…Œì´ë¸” ë³´ê¸°
Empty set (0.00 sec) # table ì•„ì§ ì•ˆ ë§Œë“¤ì–´ì„œ empty
```



- CREATE TABLE í…Œì´ë¸” ì´ë¦„ # í…Œì´ë¸” ìƒì„±

  ```sql
  CREATE TABLE StudentBasic (
      StudentID int,
      Name varchar(30),
      Address varchar(255),
      Gender varchar(3), 
      Major varchar(30)
  );
  
  CREATE TABLE Score (
      StudentID int,
      Semester varchar(30),
      Subject varchar(30),
      Score varchar(3)
  );
  
  SHOW TABLES;
  +---------------------------------+
  | Tables_in_StudentAdministration |
  +---------------------------------+
  | Score                           |
  | StudentBasic                    |
  +---------------------------------+
  2 rows in set (0.00 sec)
  ```



- í…Œì´ë¸”ì— ë°ì´í„° ìƒì„± í›„ ì–´ë–¤ ë‚´ìš©ì´ ìˆëŠ”ì§€ í™•ì¸

```sql
INSERT INTO StudentBasic VALUES (
'20224189', 'ì´ì •í›ˆ', 'ì¢…ë¡œêµ¬í‰ì°½ë™íŒŒí¬íŒ°ë¦¬ìŠ¤', 'ë‚¨', 'ì˜ë£Œì •ë³´í•™');
INSERT INTO StudentBasic VALUES (
'20224190', 'ì´ìœ ì§„', 'ëŒ€ì¹˜ë™íƒ€ì›Œí ë¦¬ìŠ¤', 'ì—¬', 'ì†Œë¹„ìí•™');
INSERT INTO StudentBasic VALUES (
'20224191', 'ë°•ì§„ì˜', 'í•œë‚¨ë¹Œë¼', 'ë‚¨', 'ì†Œë¹„ìí•™');
INSERT INTO StudentBasic VALUES (
'20224192', 'ê¹€ì†Œì˜', 'í•œë‚¨ìœ ì—”ë¹Œë¦¬ì§€', 'ì—¬', 'ì»´í“¨í„°ê³µí•™');
INSERT INTO StudentBasic VALUES (
'20224189', 'ê¹€ì†Œì˜', 'í•œë‚¨ìœ ì—”ë¹Œë¦¬ì§€', 'ì—¬', 'ì»´í“¨í„°ê³µí•™');

INSERT INTO Score VALUES ('20224189', '2021-2', 'ì˜ë£Œì´ë¯¸ì§€ë”¥ëŸ¬ë‹', 'A-');
INSERT INTO Score VALUES ('20224190', '2021-2', 'ì˜ë£Œì´ë¯¸ì§€ë”¥ëŸ¬ë‹', 'A+');
INSERT INTO Score VALUES ('20224191', '2021-2', 'ì˜ë£Œì´ë¯¸ì§€ë”¥ëŸ¬ë‹', 'A+');
INSERT INTO Score VALUES ('20224192', '2021-2', 'ì˜ë£Œì´ë¯¸ì§€ë”¥ëŸ¬ë‹', 'A+');
```



- SELECT * FROM StudentBasic; # StudentBasic í…Œì´ë¸”ì—ì„œ ëª¨ë“  rowë¥¼ ì¶œë ¥í•˜ë¼
- SELECT * FROM Score; # Score í…Œì´ë¸”ì—ì„œ ëª¨ë“  rowë¥¼ ì¶œë ¥í•˜ë¼

```sql
SELECT * FROM StudentBasic; # StudentBasic í…Œì´ë¸”ì—ì„œ ëª¨ë“  rowë¥¼ ì¶œë ¥í•˜ë¼
SELECT * FROM StudentBasic limit 1; # StudentBasic í…Œì´ë¸”ì—ì„œ 1ì¤„ë§Œ ë³´ì—¬ì£¼ì–´ë¼
SELECT * FROM StudentBasic where Gender = 'ì—¬'; # StudentBasic í…Œì´ë¸”ì—ì„œ ì—¬ìë§Œ ë³´ì—¬ì£¼ì–´ë¼  
SELECT * FROM StudentBasic where Gender = 'ì—¬' or Major = 'ì˜ë£Œì •ë³´í•™';
```

- ë°ì´í„° ì§€ìš°ê¸°

```sql
DELETE FROM StudentBasic where Gender='ì—¬';
```

- í…Œì´ë¸” ì§€ìš°ê¸°

```sql
DROP TABLE StudentBasic;
```

- Primary key ì„¤ì •í•˜ì—¬ í…Œì´ë¸” ìƒì„±

```sql
CREATE TABLE StudentBasic (
    StudentID int PRIMARY KEY,
    Name varchar(30),
    Address varchar(255),
    Gender varchar(3), 
    Major varchar(30)
);
```

- StudentBasicì˜ Pimary keyë¥¼ ê¸°ì¤€ìœ¼ë¡œ í…Œì´ë¸” í•©ì¹˜ê¸°

```sql
SELECT *
FROM StudentBasic
LEFT JOIN Score ON StudentBasic.StudentID = Score.StudentID;
```

- í–‰ ê°œìˆ˜ ì„¸ê¸°

```sql
Select count(*) from StudentBasic;
```

- Genderë¡œ ê·¸ë£¹í™”í•˜ì—¬ count

```sql
Select Gender, count(*) from StudentBasic group by Gender;
```

- í…Œì´ë¸” ìˆ˜ì •í•˜ì—¬ Primary key ì¶”ê°€

```sql
ALTER TABLE Score MODIFY COLUMN StudentID int PRIMARY KEY;
```



